loan_id,customer_id,loan_amount,interest_rate,loan_term,loan_status
1,856,311958,0.0768144281626007,60,current
2,270,352235,0.07261579773045751,24,current
3,154,317863,0.03542990268226654,48,current
4,614,134887,0.05614904499024161,48,late
5,727,301063,0.031821225874419226,48,current
6,662,340299,0.09977005266984246,48,late
7,944,338713,0.04270238830534906,36,current
8,83,308472,0.1347623272835659,60,current
9,622,206554,0.09277716248365983,48,current
10,947,291762,0.113962789087045,12,late
11,899,39675,0.07930285102085957,48,current
12,426,286063,0.09726957708012583,60,current
13,275,271317,0.14311910123599564,48,late
14,713,376513,0.03992808475484049,36,current
15,284,293544,0.06047253263084354,24,default
16,980,186517,0.12359859922926532,24,current
17,173,75305,0.041848464825919904,60,late
18,327,173636,0.0390793324684933,24,current
19,718,444030,0.07338496785048462,24,current
20,63,477963,0.04106015501669188,12,current
21,73,93791,0.10020941306474436,60,current
22,763,164034,0.057153030097991976,60,current
23,636,483108,0.13748375558392467,24,current
24,375,484058,0.1240200097014308,24,current
25,633,75533,0.11396462473193714,24,current
26,508,192256,0.10403328328614023,36,current
27,787,481128,0.1336158876409756,48,current
28,943,370735,0.05676744738513082,36,default
29,398,146650,0.1347730611317073,60,current
30,120,136060,0.12473907581088628,12,current
31,934,154696,0.11977929916652226,48,current
32,437,306338,0.09735068136899089,12,current
33,829,377047,0.05954929931647201,60,current
34,676,398605,0.08082574991902755,60,current
35,936,366447,0.12522847854465619,12,current
36,465,247188,0.033813418122878934,12,default
37,286,381047,0.12384609231165099,12,current
38,265,334535,0.05880848885850798,60,current
39,320,242501,0.04731710408659236,24,current
40,673,412010,0.043884158181636254,12,current
41,376,325146,0.033270001434097814,48,current
42,820,302675,0.09283037822657435,60,current
43,89,188887,0.056191184723247536,36,current
44,654,9986,0.14873181189355578,36,current
45,203,299442,0.09893241070466469,48,current
46,821,268625,0.046546232322721245,24,current
47,739,323552,0.11265150489736384,12,late
48,955,205339,0.13772922798116705,60,current
49,334,126950,0.11942153944435371,12,late
50,222,415051,0.039172783324733715,60,late
51,41,130355,0.13750610174311914,36,current
52,708,32798,0.12527152630319577,12,current
53,68,96649,0.048996468012673725,48,current
54,988,332031,0.036214306647938024,24,late
55,776,24477,0.09687726903771701,48,current
56,514,415482,0.048724297360797225,24,current
57,873,222400,0.13015091431143264,12,current
58,637,222060,0.07300015880060085,12,late
59,622,394959,0.13954709336838905,24,current
60,598,441742,0.09788258065692068,36,default
61,937,394570,0.051920686108760175,60,current
62,632,410105,0.04675186408317601,48,current
63,127,291479,0.09917669250693047,48,current
64,255,409470,0.12142603342349327,48,current
65,695,353754,0.12378067772906184,12,current
66,16,278586,0.06309088853295375,48,current
67,477,313433,0.0545096110694601,60,default
68,62,320891,0.03201075653908589,60,current
69,881,304471,0.11150389814414031,24,late
70,432,414415,0.03918819101202468,12,current
71,670,339971,0.08049134421191109,60,late
72,268,111464,0.10220185968219553,36,current
73,35,136184,0.14245307339036123,12,late
74,779,92051,0.06741625643469223,12,late
75,576,155653,0.05997265949358237,60,current
76,494,250300,0.10849921851433181,36,current
77,562,64722,0.1043086838464298,24,current
78,469,97036,0.06985317399697494,60,current
79,767,233634,0.14137222026117438,36,late
80,661,152595,0.13138347929875593,12,current
81,325,334104,0.056877905503809736,36,current
82,304,253709,0.05869710545214278,12,current
83,276,286696,0.09147604162644968,60,late
84,869,146880,0.12282865220768643,60,default
85,963,240419,0.035284845526615725,48,current
86,684,470741,0.1132002184481648,48,current
87,929,159692,0.10778830768585164,48,current
88,201,268031,0.05777761150955858,60,current
89,445,298946,0.11176236158896186,24,current
90,905,90024,0.1428219829502499,60,current
91,324,493765,0.03561430139661222,36,current
92,35,250809,0.0683582466350475,60,current
93,977,123639,0.08258120599996263,60,current
94,482,385392,0.13791124307096275,12,current
95,728,86938,0.1454713735930988,12,current
96,480,222813,0.08329382957955987,12,current
97,65,257100,0.12000340945706293,60,current
98,8,389890,0.09379932285173795,24,current
99,301,293193,0.09453395216896518,36,current
100,343,344933,0.06337194180796277,36,current
101,431,89526,0.056034749503665535,24,default
102,424,406062,0.06456064151088493,24,current
103,332,488779,0.09675936087084952,36,current
104,438,51220,0.033498622322650676,48,current
105,588,313307,0.13886987332276868,12,current
106,174,401981,0.048754045145973146,12,current
107,559,384270,0.056410641224566384,36,current
108,527,348630,0.09219314117371756,24,current
109,873,443486,0.11521377196047351,48,current
110,659,80277,0.04148748656932767,36,current
111,26,486494,0.06812336370565947,12,current
112,820,488455,0.14624095266892284,60,current
113,605,371389,0.061481156013713484,24,current
114,406,127332,0.06756601740757762,60,current
115,232,239231,0.130379818874164,36,late
116,533,27931,0.03602573180285463,12,current
117,819,94116,0.0857535802570765,48,current
118,550,256671,0.07555401173420043,60,late
119,788,322777,0.06799041118903813,48,current
120,505,478918,0.06428395128537173,12,current
121,669,56913,0.040964892583249105,60,current
122,179,255216,0.06777909952219785,48,late
123,132,99776,0.03516628832588023,48,late
124,823,30991,0.12371566363733223,60,current
125,455,190917,0.0777873352749614,12,current
126,348,109092,0.08326845987838938,48,current
127,540,234577,0.1372313503740158,36,current
128,772,191384,0.10896659806334648,60,current
129,406,408777,0.030967092401054372,24,current
130,76,415117,0.14318097875535418,24,current
131,941,242113,0.05845733591732534,12,current
132,579,100556,0.04291370217118306,36,current
133,854,330019,0.12217538140570586,48,current
134,492,161989,0.09005727790400618,24,current
135,194,329264,0.0820524679221621,12,late
136,984,400204,0.05994036956192901,36,current
137,162,377185,0.09569657878347823,36,current
138,347,133467,0.06292615262431049,12,current
139,951,412472,0.1381899606344481,12,current
140,361,385634,0.05582453756798313,48,late
141,769,223800,0.13612261805469042,12,current
142,584,131155,0.09712865108728283,48,current
143,87,295374,0.1294185760674289,48,current
144,934,64778,0.1155415195033146,60,current
145,262,50833,0.11360341337240983,36,late
146,214,289769,0.06892149692340668,36,current
147,665,37088,0.058067631776664415,36,current
148,722,215722,0.05530634732169457,60,current
149,913,439383,0.13286299884715064,48,current
150,573,371081,0.1284512184310824,48,late
151,780,469507,0.08286882336147688,12,current
152,262,201375,0.04588855361957455,60,late
153,730,81361,0.075870270237295,12,current
154,283,355373,0.10432121449642937,60,current
155,648,140189,0.08452837853759435,12,current
156,467,95265,0.1236227122179594,24,current
157,380,102718,0.14971473867016624,36,current
158,362,327854,0.052935850613867616,36,current
159,449,492642,0.0851580983591487,48,current
160,441,99876,0.08171806823049864,24,current
161,93,465270,0.0665391039298741,36,current
162,621,35949,0.05377146200643475,48,current
163,753,420763,0.0378830539787591,24,current
164,867,217954,0.1364543180668438,36,current
165,424,335280,0.08038184372235811,12,current
166,142,116541,0.08962746222000587,60,late
167,291,200691,0.1400330457841099,24,current
168,432,66842,0.12315485730191374,48,late
169,749,493019,0.0456601516940621,24,current
170,852,237930,0.09785039611292908,48,current
171,824,294134,0.08307027318234708,24,current
172,689,152265,0.12566532870945152,48,current
173,653,297253,0.1169079057134339,36,current
174,701,135356,0.11284868662932863,12,current
175,998,417449,0.07086538025758762,36,current
176,49,249629,0.12659564764791054,12,current
177,302,217802,0.036286955471383345,36,current
178,881,395277,0.049154988171860065,36,late
179,190,170582,0.07027479275734941,24,current
180,136,268450,0.03921689292831375,60,current
181,555,8849,0.05819931330416299,48,current
182,404,17360,0.12961811795975017,48,current
183,892,378216,0.14379018453480952,48,current
184,865,258279,0.06655228269290286,12,current
185,602,99767,0.06174189647866059,48,late
186,807,266445,0.06358711826957122,48,current
187,341,181872,0.06332629048210126,24,current
188,757,435179,0.03431162186231676,36,late
189,945,59330,0.14122996155973297,48,late
190,704,56707,0.055643776988439406,60,current
191,318,285833,0.08040048888976858,48,late
192,618,34084,0.03116242592891613,12,current
193,363,45387,0.13295461090980687,12,late
194,822,341960,0.11773888133459005,12,current
195,382,7642,0.14361072422084437,48,current
196,233,309281,0.12379385750356789,24,current
197,777,478048,0.06764478144624783,60,current
198,344,191633,0.05974480304741084,48,current
199,549,329404,0.11372595690639514,24,current
200,817,151510,0.07369353300125993,24,current
201,553,315586,0.09794580189031399,48,current
202,529,370205,0.030750896523176426,48,current
203,856,401210,0.03742628420165703,24,current
204,789,259511,0.09424415294179814,24,current
205,819,392988,0.09792859757377981,24,current
206,571,366719,0.12017435333512123,48,late
207,935,268957,0.04583583835487541,24,current
208,183,360171,0.09158197005081345,12,current
209,41,390633,0.05333371733180263,48,current
210,551,89381,0.041183534347523365,12,current
211,397,254880,0.07925949528726656,36,current
212,704,322420,0.049600397770686866,48,current
213,779,308387,0.05661383738307823,36,late
214,494,198984,0.0681065495843402,24,current
215,659,65272,0.06112660808918355,24,current
216,907,178123,0.04051095568871357,60,current
217,333,477070,0.04078994938316427,24,late
218,127,218808,0.05318992982810018,36,current
219,558,258091,0.03606710255514467,24,current
220,557,332762,0.10517484236123126,48,current
221,1,269064,0.06447920598106824,24,current
222,168,111121,0.06356951613228852,60,current
223,620,475435,0.06983979530853182,24,current
224,19,81872,0.10953555290516659,36,late
225,332,348276,0.13447606577801885,36,current
226,584,269237,0.12109043190667661,24,current
227,456,280049,0.11730350762701139,36,current
228,957,126759,0.08812694227210191,36,current
229,109,422567,0.11325666683608941,60,current
230,268,298125,0.09633148416402998,48,current
231,445,341047,0.055950063382383466,60,current
232,240,337965,0.05503060412892609,12,current
233,929,376344,0.065567040825034,60,current
234,301,87289,0.13929632051637758,24,current
235,602,121506,0.0956897808455671,48,late
236,103,482237,0.11806864524022433,24,current
237,988,83513,0.07158705117798571,12,current
238,250,418090,0.07892589247982702,48,current
239,453,187003,0.04506786943647016,36,current
240,520,405890,0.050555394938600444,60,late
241,153,317660,0.12928278657913744,24,current
242,859,264480,0.10018063580266584,12,current
243,174,267043,0.07050389590605827,36,current
244,343,492790,0.1263421450794655,60,current
245,670,196758,0.059582388676557956,36,current
246,431,493067,0.14712392383202444,60,current
247,727,336356,0.07137811292954037,48,late
248,689,138498,0.07047731449814731,36,late
249,687,259024,0.06742942866440463,36,current
250,852,135970,0.04465338191091455,36,current
251,850,95009,0.043336457679841484,48,late
252,658,204570,0.1077726041440948,12,current
253,962,428159,0.13501416534696564,60,current
254,324,202467,0.12486246123260081,36,current
255,990,49816,0.046932911282562134,48,late
256,673,9138,0.09546985461504796,12,late
257,639,498944,0.0426709855171968,60,current
258,420,96176,0.03543535723356929,48,current
259,594,343089,0.10876630312617207,60,current
260,485,271161,0.09421828004164204,36,current
261,659,277595,0.0398428422253765,12,current
262,751,199028,0.034192709568718616,48,current
263,412,361007,0.14877076960912017,12,current
264,936,277422,0.033602559857888625,36,late
265,84,226552,0.08334339036601915,12,current
266,113,48764,0.09055428295292348,12,current
267,737,128030,0.0440736177360534,24,current
268,332,399350,0.05028741341276595,12,current
269,378,330087,0.0722166007692423,60,current
270,755,100667,0.12140110514563951,48,default
271,655,321462,0.090849890887232,24,late
272,41,370567,0.10654822494635538,48,current
273,935,371142,0.14822094661088098,48,current
274,770,65128,0.12216065223758515,36,late
275,959,224128,0.08212337977694611,36,current
276,797,289013,0.08357303061558585,24,current
277,105,238540,0.1042526492449206,36,current
278,202,10039,0.10984382501026851,36,late
279,450,157353,0.09008531110040055,36,current
280,819,117935,0.10738334673779759,48,current
281,843,15442,0.032823899329691854,24,late
282,973,340932,0.08155474366762129,48,current
283,266,386873,0.06347256912881721,60,current
284,910,294730,0.045500933429173246,48,current
285,210,58053,0.041945581537053016,60,late
286,563,186561,0.10238305987376009,12,current
287,118,219176,0.09283206565831341,12,default
288,713,91346,0.0604300940395643,60,current
289,377,334231,0.08651400705270174,60,current
290,551,410841,0.08906787782188899,48,default
291,540,39397,0.053401077652633896,60,current
292,771,325815,0.10825116742579807,24,current
293,84,121214,0.12371032276633084,12,current
294,454,490001,0.12497562490674227,12,current
295,667,334041,0.1022963796844146,60,current
296,629,162221,0.09139662990228169,36,current
297,514,458246,0.03732085716064738,36,current
298,605,468122,0.06453975586219271,60,late
299,678,403499,0.041192573613380384,24,current
300,387,405826,0.14565877930541682,36,default
301,912,441542,0.04620961754709128,60,current
302,350,282068,0.04821304918213225,24,current
303,296,118143,0.13674919419965906,24,current
304,258,377397,0.14327139401717492,48,current
305,81,474378,0.12189948470818918,24,current
306,937,367441,0.030648590840720382,36,current
307,268,268013,0.030161552514787644,36,late
308,419,364232,0.07537209237449409,60,default
309,235,268158,0.0472074444013071,60,current
310,833,15103,0.032206337058191675,24,late
311,311,480738,0.08568800272854056,12,current
312,813,377461,0.14316742768883658,48,current
313,975,494223,0.06885834898829177,12,late
314,986,431674,0.10933688141144357,24,current
315,357,488821,0.10826824237589289,24,current
316,213,87409,0.060129612439820124,12,current
317,574,28248,0.10805102985886371,48,current
318,49,487376,0.055480076914426954,12,current
319,127,179588,0.04464088962922669,60,current
320,223,427277,0.11416599426716281,36,default
321,921,160242,0.043612898052470005,60,current
322,279,13024,0.14962910623072262,36,current
323,408,480430,0.05201428813802751,24,current
324,505,239864,0.1012970235307749,48,current
325,294,353091,0.07936494856951072,12,current
326,796,179875,0.045166370688680055,48,current
327,277,417512,0.03334126890928961,12,late
328,438,358973,0.10472787387513999,60,late
329,107,359852,0.12681090765469513,60,late
330,658,353808,0.13104187938080927,12,late
331,420,416473,0.08792561676923213,48,current
332,611,148927,0.12329465606188626,12,late
333,429,90178,0.11074165601862536,24,current
334,375,368265,0.11691054329989597,60,current
335,73,287169,0.08911188062661768,24,current
336,949,402674,0.10600940882905525,60,current
337,998,68610,0.12666310962912683,60,current
338,634,75843,0.07774610106684277,36,default
339,30,112237,0.12671746810411005,24,current
340,188,482177,0.10104202113468753,24,current
341,364,185903,0.04990812292449435,36,current
342,866,179499,0.03296209886695015,48,current
343,800,492025,0.07353043204789825,24,current
344,451,135299,0.09560355939556078,12,current
345,195,436722,0.1307784422644186,36,current
346,156,10668,0.04529828161682954,24,current
347,172,227542,0.12602476172202948,48,current
348,847,183267,0.13356108552806722,24,current
349,41,340377,0.048082498440100055,60,current
350,63,160489,0.13219131831650627,12,current
351,23,349126,0.14897442814113504,36,current
352,360,111133,0.1172206597257885,60,current
353,75,277895,0.12417236181899854,48,current
354,560,313362,0.1493298321070648,60,current
355,672,393793,0.10265775006311344,60,current
356,825,274496,0.06694636584194993,48,current
357,118,215124,0.13050370008912668,60,current
358,612,93835,0.10373829330139575,36,current
359,380,102493,0.09974345084651479,24,late
360,929,296071,0.06043626666168459,60,late
361,920,177166,0.1207601123499464,36,current
362,679,106948,0.03980007310321155,24,current
363,290,190194,0.14091444849535933,24,current
364,440,34493,0.06909881529245818,60,default
365,668,490463,0.045332958334798855,36,default
366,933,471755,0.08308398397229025,60,current
367,7,298851,0.03509638911078398,48,late
368,196,204886,0.11215514331179595,24,current
369,421,143368,0.13832466125344273,60,current
370,568,161470,0.13047156085662104,24,current
371,833,302986,0.045284336813745725,36,current
372,193,18261,0.04515253645292782,12,late
373,559,81709,0.12761213787891168,60,current
374,148,100985,0.1409105129523739,60,current
375,787,373760,0.08528037958001869,24,late
376,669,454920,0.0898765340296519,36,late
377,202,334317,0.0681914449662871,48,current
378,444,298925,0.13731181419076965,36,current
379,914,280796,0.1073883486350827,60,current
380,988,272247,0.06459018926008422,48,current
381,419,292644,0.0658539445265102,36,default
382,427,251404,0.1369440087676323,12,late
383,479,105336,0.031636082868698574,24,current
384,475,433745,0.0687271887271966,36,current
385,126,118499,0.09652280174596428,36,current
386,395,154524,0.047786095451918954,12,late
387,817,316537,0.04105185050395077,60,current
388,881,429390,0.12783315973086717,24,current
389,806,462666,0.13732852663782086,36,current
390,576,171508,0.12883277049578273,48,current
391,325,314550,0.13785454676848172,36,current
392,392,330203,0.09637343652700457,24,current
393,930,152026,0.12747097451884104,36,late
394,688,349866,0.07608511660693204,12,late
395,628,255819,0.10995214337748462,36,current
396,440,17356,0.14866026376669972,36,current
397,204,133128,0.05708732686069529,48,current
398,486,496715,0.07678796955492967,12,current
399,833,7187,0.08760568527721027,12,current
400,31,344387,0.046561858442406207,36,late
401,388,302242,0.039724633255806815,48,current
402,625,490687,0.1295667439585949,36,current
403,877,157297,0.14721532473931034,36,late
404,434,139678,0.07856700765955904,24,default
405,837,324764,0.04051798034335839,24,current
406,926,431044,0.03789741128286918,48,current
407,376,131270,0.13695818476323585,60,current
408,344,424705,0.08565770996732158,24,current
409,443,281531,0.06840327798748702,60,current
410,579,336607,0.08717535254872794,12,current
411,75,470048,0.06819649136308167,24,default
412,557,494196,0.08868429303691439,24,current
413,772,247998,0.13314676763015243,48,current
414,666,400807,0.10107616452745148,60,current
415,155,246503,0.11335845273722105,24,current
416,430,446732,0.0737604811481204,24,late
417,363,358827,0.11862070542126224,48,current
418,448,67061,0.10999405018552467,48,current
419,987,240497,0.04434743973024677,60,current
420,234,464952,0.09871714237387015,12,current
421,563,86257,0.06080921955717096,12,current
422,818,66753,0.12649148035603114,36,current
423,262,351918,0.08111252501603272,24,current
424,827,409303,0.14936209982357845,60,current
425,125,429032,0.04110005255267565,24,current
426,911,28408,0.12364174352881901,60,late
427,245,129116,0.11084420802505877,60,late
428,542,136208,0.12209985967088464,60,current
429,938,22413,0.06690357545885475,24,current
430,485,118650,0.08904653872588807,48,current
431,122,64500,0.12558102236684499,24,current
432,125,351658,0.057904959794502595,60,current
433,549,61358,0.057123983614638246,36,late
434,170,71197,0.09612611439539188,12,late
435,124,498992,0.09282762954358269,60,current
436,869,228861,0.06387149644955194,36,current
437,35,228492,0.06576907806297873,48,late
438,87,266545,0.06334141958478787,60,late
439,646,431070,0.12258144743981851,36,current
440,708,81240,0.10822810386749528,60,current
441,786,240595,0.1298900620092303,24,current
442,201,226135,0.14705676339768262,36,current
443,369,283466,0.08689971555263837,24,current
444,797,380197,0.03800326576865386,24,current
445,77,11968,0.03577107724944425,36,current
446,59,294662,0.06547980471259429,12,current
447,431,319069,0.1419053507222941,36,current
448,638,195920,0.09278556659650498,12,current
449,500,379044,0.06261438192961549,60,late
450,913,360566,0.07790001534132235,60,late
451,109,268844,0.1018314128885605,36,current
452,736,360926,0.10835395897654106,60,current
453,278,237076,0.048470341173948606,48,default
454,68,28199,0.14724380118542113,24,current
455,69,442805,0.09537266723793465,24,current
456,165,168187,0.046282598135073516,12,current
457,489,460150,0.13723623040153604,60,current
458,305,190388,0.03895661172953145,12,current
459,909,10520,0.13892825198130151,24,late
460,674,114814,0.14958787875467788,24,current
461,365,172527,0.11405181589878047,60,current
462,854,251356,0.12245366652887876,48,late
463,821,484681,0.07047634037609837,48,current
464,379,128364,0.14298922232807204,60,current
465,343,439821,0.0935656759330041,60,current
466,947,19955,0.11788661359170657,12,current
467,899,180121,0.14089292590935354,60,current
468,554,149989,0.14702159711706098,48,current
469,354,468509,0.12998452279160091,60,current
470,416,476797,0.06636210083784361,12,current
471,109,255144,0.14598570198624988,12,current
472,563,69925,0.1053743437492286,12,current
473,762,374360,0.14167709716223517,12,current
474,497,75269,0.11113260309772222,36,current
475,341,429170,0.06686867542172645,60,current
476,942,494887,0.07440294289713792,24,late
477,383,470833,0.09605661325235286,60,current
478,533,308602,0.12480178098718583,36,current
479,300,356181,0.06815790616084019,12,current
480,139,157185,0.09956773993610304,36,current
481,359,104977,0.07147499922916818,48,current
482,836,488442,0.12789232855621285,48,late
483,499,311083,0.08600737125215405,60,late
484,385,34345,0.03920673922234623,60,current
485,604,260688,0.04992630257778437,24,current
486,959,444529,0.03733256011435587,24,current
487,280,377251,0.08991635352171903,48,current
488,637,389010,0.04276047568178726,12,current
489,483,490581,0.04369679631715585,36,current
490,909,266798,0.14292579120460525,24,late
491,111,498814,0.13471860866112664,24,current
492,866,336310,0.08425039161736392,12,current
493,139,183933,0.14829663850202468,12,current
494,996,102406,0.03002238338047957,60,current
495,435,316442,0.10367753475280725,36,current
496,509,445437,0.10397138128462441,12,late
497,273,312086,0.08489316670438658,24,current
498,99,8453,0.07763375675211515,24,current
499,764,107811,0.08464597625767291,48,current
500,850,59935,0.07979525232956165,12,current
501,104,389583,0.11765909729787592,60,default
502,214,179442,0.04624265219679409,36,current
503,761,275472,0.05371670647093561,60,current
504,664,20534,0.05166218740709083,24,default
505,762,352424,0.06149647021455174,60,current
506,787,483141,0.09303101025378999,24,current
507,165,41320,0.043345049680586244,24,current
508,999,54170,0.1341803154391805,24,late
509,853,105546,0.06568338375701668,24,current
510,520,85201,0.04950455849624494,24,current
511,284,239473,0.1110745571517892,48,current
512,517,275784,0.034570356071918315,60,current
513,657,236324,0.1043962277848997,48,current
514,613,489273,0.11378381168117997,48,current
515,164,166121,0.0557899837664063,12,current
516,886,403834,0.03503568881323611,12,current
517,659,238612,0.07363744307033396,12,current
518,64,192125,0.04183130762903238,36,current
519,91,400136,0.04397734196080045,12,late
520,117,311081,0.060511347773383746,60,current
521,866,205796,0.06545615095521112,48,current
522,267,148279,0.09359644092257047,60,current
523,822,201846,0.11140702626036157,12,current
524,685,169044,0.10113251290442217,36,late
525,559,409015,0.04780324047474202,36,late
526,140,207160,0.050650323894315175,48,late
527,246,427132,0.13545230997514973,60,current
528,661,75463,0.09700227780769363,24,current
529,758,98500,0.13439253994772266,60,current
530,395,212772,0.07458558135838492,12,current
531,487,42158,0.10372800089175886,24,current
532,476,89607,0.09283960992655328,36,late
533,517,386783,0.0682948187784555,48,current
534,977,250017,0.08638984464403143,48,current
535,184,338840,0.09029890521923184,36,current
536,20,328654,0.05409251697080143,12,late
537,937,125076,0.06780124468520779,36,current
538,558,63692,0.12496917006083706,12,current
539,524,135841,0.13989458873449526,24,late
540,582,197816,0.07317529122543592,36,current
541,529,282954,0.06683667386508219,12,current
542,883,403342,0.053423659748625896,24,current
543,147,166081,0.11141894023806974,36,current
544,666,497336,0.06877196419996047,48,late
545,304,116718,0.14852994469190262,36,current
546,620,358076,0.06908217624767438,60,current
547,748,5192,0.07729632561391538,36,current
548,820,252536,0.10240010354544417,60,current
549,864,41413,0.1262021151829566,24,current
550,582,148888,0.08634223984147604,36,current
551,695,44082,0.080718724054675,24,current
552,762,332192,0.149476540031377,24,current
553,228,128130,0.03125923693679333,12,late
554,102,55940,0.1374078346621495,24,current
555,587,168202,0.04789689911276849,24,current
556,417,45142,0.1243110331450696,36,current
557,958,41468,0.10415178718155575,36,late
558,216,428914,0.07102167425977104,48,current
559,407,146727,0.1348649946625222,12,current
560,399,183969,0.031548867357719036,24,current
561,923,428291,0.05720287824899084,12,current
562,715,407575,0.09802713554994431,60,current
563,704,396192,0.07218507120596376,24,late
564,761,241187,0.10324529943819931,12,default
565,499,47056,0.03289322320904002,48,current
566,754,56831,0.0439750716578055,48,current
567,465,326335,0.045251548826212705,24,current
568,691,254664,0.05271403750992113,60,current
569,949,389092,0.08511977289606512,48,default
570,974,431488,0.12025544394522854,48,current
571,731,113117,0.13866466055146814,60,current
572,82,281815,0.1302447036341095,12,current
573,604,294192,0.05362654461308203,48,current
574,947,474490,0.08293806626767589,36,current
575,687,293107,0.0539293917310242,48,current
576,751,48954,0.06173661800006289,12,current
577,772,470525,0.09042563778142634,12,late
578,903,238192,0.0381730829668227,24,current
579,365,362574,0.05618091955119278,36,current
580,163,5717,0.14224537935685405,12,current
581,48,278820,0.08593395511901868,60,current
582,511,402650,0.08344638311734466,36,current
583,329,185882,0.03174805857015347,36,current
584,840,123696,0.05968796964700149,60,current
585,116,492852,0.13395509231786173,48,current
586,941,397974,0.04975541139104025,60,late
587,849,9994,0.07981499274416654,60,current
588,337,271378,0.03171970870404015,48,current
589,881,74300,0.0874002578004667,48,current
590,737,311093,0.03252253280714606,48,current
591,864,42405,0.12835314636789596,48,current
592,840,302016,0.12898245209845244,48,late
593,147,309359,0.12452906259628438,60,current
594,575,28185,0.06400368826693417,24,late
595,806,179514,0.13046846618661817,24,current
596,323,449975,0.09515977591263232,12,current
597,443,308297,0.0748569730640403,24,current
598,837,344679,0.10503959516450796,24,late
599,13,138653,0.03148092552724488,60,current
600,943,56717,0.04715530531209026,48,late
601,494,7763,0.11907522458043153,48,late
602,701,360054,0.059299393045938356,60,late
603,287,60480,0.10176109407944996,24,current
604,720,174831,0.07621231233876355,60,current
605,114,212139,0.1325766934559114,12,current
606,480,123094,0.14428983671959722,48,current
607,22,161379,0.13602776740442285,36,current
608,349,232443,0.0624743993632316,12,current
609,726,16064,0.05329954428552987,12,current
610,683,81848,0.0869321872344882,60,current
611,835,42548,0.030880098100341632,24,current
612,566,173017,0.03309712714358181,48,current
613,906,446153,0.09639487675476001,36,current
614,810,273620,0.0924539284998343,12,current
615,320,449972,0.14934983868423118,36,current
616,126,357245,0.05422102024365097,24,current
617,277,7382,0.060972471499256206,24,current
618,976,447899,0.0436248770791544,36,current
619,204,486215,0.14010516115844934,48,current
620,194,181348,0.12333734933501408,24,current
621,681,431618,0.1286806933748217,36,current
622,664,490097,0.13833165455574103,12,current
623,547,425162,0.09298799840710059,36,current
624,696,84698,0.08414318297408684,36,current
625,286,250762,0.06964697683987398,60,current
626,57,248381,0.10070575372174266,24,current
627,734,472149,0.0845134076147787,48,current
628,303,420551,0.084187870392669,48,current
629,163,50095,0.14243134364773666,60,current
630,19,478146,0.14808378171349562,48,current
631,370,397118,0.12557812671954968,36,current
632,264,294341,0.1208109708296314,60,current
633,794,394763,0.11166697941349217,12,late
634,113,27010,0.04992898228002164,24,current
635,488,422339,0.03709269850507854,24,current
636,327,355067,0.11288715781359157,24,current
637,542,138962,0.1174543466707891,36,current
638,647,491521,0.03563675893177677,12,late
639,579,397670,0.14136621002746178,60,current
640,65,114162,0.0409368767333613,60,current
641,292,388071,0.06430806405254429,24,late
642,25,275170,0.11068677753584454,12,current
643,549,332069,0.050384711328537155,12,current
644,1,73842,0.03664990661306933,12,default
645,911,300809,0.06973757869969797,48,current
646,549,276421,0.12191658898262149,48,current
647,141,178311,0.07964144147823124,24,current
648,744,445880,0.10835675062895271,12,current
649,648,315152,0.0995542916673764,12,current
650,901,281827,0.032666217843069646,60,late
651,188,136742,0.1486247984454848,60,current
652,128,225283,0.03497137065832653,24,current
653,201,153961,0.14613632851781821,12,late
654,127,453828,0.09598370140372778,24,current
655,257,180607,0.145579083247808,60,current
656,676,345686,0.04377043192966025,60,current
657,547,321463,0.08884902230226158,48,late
658,194,250144,0.050340491023927035,24,late
659,703,359211,0.036116985242693085,24,current
660,104,157711,0.10410349380747738,12,current
661,535,200784,0.054934010515402976,12,current
662,265,414849,0.1005236421945055,48,late
663,802,257217,0.04348373783387827,36,current
664,942,432876,0.06983837657192432,36,current
665,974,336119,0.12379590696638966,36,late
666,384,168244,0.08244618262106251,24,current
667,260,457413,0.10532944978768036,24,current
668,414,106158,0.10769495288946551,60,current
669,991,457063,0.13125060527847524,24,current
670,358,278721,0.06899073532879696,24,current
671,75,344443,0.1124754675099021,24,late
672,355,287320,0.14539389684553988,48,current
673,584,442602,0.11762920012294416,24,current
674,771,68972,0.08878445720612935,12,current
675,910,387162,0.1056860933390315,12,current
676,188,488007,0.11876194773157298,60,current
677,973,439219,0.10347309188326469,48,current
678,685,287140,0.0320010976187807,12,late
679,992,105922,0.0533728197224671,48,current
680,290,353742,0.12725618606585593,48,current
681,45,40931,0.06271807767749815,60,current
682,573,129168,0.11778745434733606,48,late
683,83,171782,0.07465442582900383,24,current
684,123,128099,0.09262611937895318,48,current
685,358,39693,0.03815679597832844,60,current
686,528,433956,0.051747067325965145,60,late
687,66,475457,0.14486363562230814,60,current
688,936,113944,0.13681656641362966,12,current
689,657,229655,0.10827301330788602,24,current
690,375,212574,0.08515735168628849,12,current
691,162,284518,0.11109135514742685,36,current
692,746,474890,0.10423323469127267,24,current
693,380,252572,0.09822627067255345,48,current
694,656,348615,0.037101248623625016,60,default
695,358,50913,0.10593631327938083,36,late
696,188,390827,0.1222704053485402,24,current
697,322,202097,0.14928979855746904,12,late
698,450,311660,0.03132942631131716,60,current
699,474,92796,0.11762081439728118,12,current
700,13,293213,0.09861471791231766,24,current
701,184,385477,0.0820862611297148,24,current
702,111,454449,0.04530842094856451,36,current
703,927,89811,0.07909021783618514,48,current
704,508,195121,0.07252526195833622,12,current
705,290,237892,0.06633958667744906,36,current
706,295,385172,0.11770555479866492,60,current
707,451,44178,0.11408706255411165,48,current
708,904,299965,0.10068241091770938,36,late
709,215,449943,0.14263977759520466,12,current
710,974,459151,0.07198252610170253,24,current
711,632,21999,0.05925623252522154,60,current
712,894,460738,0.10870839757180795,12,current
713,567,305856,0.053857687312488356,48,late
714,27,200623,0.06780126086201095,48,current
715,630,176244,0.05695229280898618,24,current
716,733,300866,0.03829842812622015,24,current
717,231,277769,0.1292998489962808,60,current
718,565,203237,0.06054486515059934,60,default
719,807,474725,0.08676330040116248,24,current
720,321,11859,0.035197832790517435,24,current
721,913,439825,0.11392073595031717,48,current
722,233,441523,0.0696673202767549,24,current
723,670,115986,0.1193684073395052,36,current
724,437,237654,0.07948836725614393,12,current
725,781,288983,0.05349067276867495,24,current
726,533,294360,0.09158100987384431,60,current
727,403,320097,0.04566054715649277,36,late
728,53,482697,0.08286469918475936,60,current
729,787,458809,0.06807665729045839,36,current
730,313,470291,0.13943515010395596,24,current
731,281,54522,0.037311446606486394,12,current
732,726,235233,0.11328208969268903,60,current
733,31,403102,0.05193013991849231,36,current
734,337,378393,0.06828540891986878,48,current
735,183,12485,0.07986168756744791,24,current
736,23,429671,0.13896181072499691,12,late
737,544,248056,0.059109391928859015,24,current
738,446,414983,0.04095705630536042,48,current
739,74,117701,0.06824275247886283,12,current
740,10,426669,0.042561116464264,48,late
741,484,212352,0.0454315783152663,24,late
742,456,107638,0.09886207175700319,36,current
743,566,189514,0.0373082319719392,24,current
744,564,450093,0.03371170576722792,24,current
745,660,279370,0.11572969217645973,24,current
746,160,98405,0.07339765138092534,60,late
747,882,289732,0.04504504190806479,48,current
748,14,215048,0.06043353250316499,48,current
749,178,167781,0.10705038088228788,48,current
750,412,446004,0.06306438805690215,60,current
751,878,486247,0.08934253501444894,36,current
752,53,42019,0.04460343680720067,24,current
753,408,443164,0.10057123651265364,36,current
754,847,266497,0.06792932206119168,60,current
755,22,70133,0.10523621214344599,48,current
756,30,381588,0.12700738587648275,24,current
757,703,202530,0.10339757032679908,12,current
758,260,384747,0.06548970751140248,12,current
759,205,163598,0.06068924418579605,36,current
760,59,471709,0.06929051504801376,48,late
761,471,133585,0.04975446158838058,12,late
762,776,450414,0.051740622102002407,36,late
763,466,250172,0.12488293222802015,60,current
764,12,497750,0.07616790918089339,36,current
765,631,310539,0.0823194216684703,36,current
766,927,422247,0.10128593586801733,36,late
767,974,473758,0.10075841941818571,24,default
768,290,130814,0.03808522458263108,36,late
769,850,435917,0.12978489436051988,36,current
770,760,379743,0.05127918638687273,24,late
771,354,30939,0.11676859632596026,24,current
772,639,447361,0.12272051857537998,60,current
773,75,418540,0.11578794409095763,48,current
774,873,158939,0.09947731758649742,12,current
775,716,267347,0.031753079653065945,12,current
776,561,414760,0.07324505908358048,36,current
777,591,414115,0.10258073152350973,60,current
778,441,296207,0.07649415551070464,36,current
779,991,95880,0.13361758738953755,12,late
780,241,8748,0.06705627304195384,24,current
781,861,241094,0.06522417509503925,48,current
782,154,384413,0.061919723171118955,60,late
783,786,464845,0.06993370427529547,24,late
784,96,347908,0.09688859571770246,48,current
785,726,156956,0.11484183531271089,60,current
786,294,161255,0.10950815012865421,60,current
787,209,479786,0.12692613839777755,12,current
788,343,469462,0.13630967945969097,24,current
789,88,375180,0.12792948508120217,60,late
790,818,155331,0.03227344840492255,60,current
791,776,172031,0.11831015442623864,48,late
792,937,383669,0.055007948834199794,12,late
793,390,431673,0.04595136512495791,36,late
794,325,352823,0.10661865417589626,12,current
795,940,130829,0.06836918344892338,36,late
796,889,133216,0.03685405960445319,24,current
797,832,400319,0.04651556812780336,24,current
798,157,70901,0.030111530024395327,60,current
799,668,248386,0.13838683528136486,24,current
800,651,180607,0.03295415806094863,60,current
801,633,414319,0.05513469234114132,12,current
802,577,103046,0.07995153368254887,24,current
803,619,357156,0.07278855911409829,12,current
804,659,83278,0.1394071052295331,12,current
805,137,279535,0.03483467348814505,24,current
806,923,107476,0.0914657649212462,12,late
807,674,427117,0.11165753550292487,24,current
808,428,387865,0.14180375684174024,24,current
809,452,102537,0.10444455025484652,24,current
810,612,348303,0.12645062832141152,36,current
811,850,466130,0.040046992541441805,12,current
812,911,398184,0.07631274131243128,48,current
813,819,186429,0.07487365613748809,24,default
814,141,222980,0.1363545859746861,12,current
815,83,436653,0.048164540551592985,60,current
816,177,302647,0.048226340680395635,24,current
817,198,494498,0.06942697798629581,24,late
818,624,491675,0.03653592568402051,48,current
819,568,80403,0.051894964878298804,36,current
820,972,439474,0.14582515662548823,36,current
821,691,431940,0.08138207278406073,24,current
822,421,69286,0.10584230501069236,12,current
823,401,341986,0.11713335112135642,60,current
824,698,109927,0.07403536884086406,60,current
825,471,282052,0.04766724892926204,12,current
826,218,490833,0.0547897219466137,24,current
827,925,448842,0.06759197718967325,60,current
828,929,304372,0.10632821044226708,36,current
829,828,28386,0.07779366589068654,12,current
830,987,182826,0.030817763748015373,48,late
831,729,295446,0.09280886220809662,24,late
832,632,327959,0.14058160702889014,12,current
833,951,257156,0.12744931332104148,60,current
834,906,482964,0.1290253645511557,24,current
835,175,330488,0.12540696211273572,36,current
836,23,433834,0.06884769907325083,24,current
837,725,378747,0.12182326005052703,24,default
838,917,474450,0.04717936293734316,36,current
839,235,328258,0.10892593767311441,36,current
840,13,253724,0.10698822800219933,24,current
841,101,206202,0.03306837589076816,36,current
842,929,30525,0.12455641603091179,12,current
843,536,84818,0.13838977261141566,36,current
844,876,119589,0.06208983341665292,36,current
845,523,150406,0.12748688690233811,24,late
846,785,99715,0.03988871662343378,12,current
847,452,198839,0.10199614299132792,48,late
848,431,273788,0.08827762384011326,48,late
849,793,368298,0.09551082399708,60,current
850,606,431149,0.1411446242261214,36,current
851,713,262438,0.13455782966962243,36,current
852,533,310613,0.12421003886877084,12,default
853,852,431903,0.0628438149214045,48,current
854,979,373753,0.139418235442331,60,current
855,723,450872,0.04170092309566503,12,current
856,652,415591,0.13239950598705452,36,current
857,293,332350,0.06937920868243294,48,default
858,810,363606,0.036452677399438006,60,current
859,913,172679,0.11032283810888979,24,current
860,101,88178,0.05775359139791465,48,current
861,502,422209,0.05922853510375583,60,late
862,304,180458,0.06672565994745258,12,current
863,871,259466,0.037642172100302004,24,current
864,540,444503,0.051255257303790484,60,current
865,553,91724,0.030616755310267234,60,current
866,355,234204,0.08344914253269442,36,current
867,303,491524,0.04011064529015655,48,current
868,496,101393,0.11191831260530388,36,current
869,658,394458,0.058274742142997805,24,current
870,768,81312,0.14322889728422125,60,current
871,974,496587,0.1345501952878383,36,current
872,227,342468,0.06473290739618498,48,current
873,236,76196,0.12398585455880144,24,late
874,873,75014,0.12638938855977674,12,late
875,892,406426,0.14838757369372924,36,current
876,455,146994,0.10174079842148219,24,current
877,13,434505,0.03983588815723946,12,current
878,210,38340,0.10762046747116571,36,current
879,741,306994,0.10499756980512422,24,current
880,397,455200,0.10660206929045181,24,current
881,100,118711,0.06685747777250538,36,current
882,31,220250,0.13316155020963993,24,late
883,898,16094,0.14513666195464942,60,current
884,528,355103,0.05612550155737818,36,current
885,649,431634,0.04057825897639733,24,current
886,329,272885,0.05334420398021809,12,current
887,166,116585,0.12846625671068623,12,current
888,459,470590,0.1111973561783817,60,current
889,822,389708,0.10632568108069519,36,current
890,952,73798,0.07821517621313093,24,current
891,982,383170,0.09933935658137229,24,late
892,993,206604,0.06694489503292408,12,current
893,100,115130,0.08726400953015534,60,current
894,621,289308,0.1251675634044787,12,current
895,855,171667,0.14774899169465544,12,current
896,173,35257,0.14189867083077623,60,current
897,749,412427,0.14206391314154987,36,current
898,162,363133,0.07826684818165348,24,default
899,905,403448,0.0862547856608149,36,late
900,728,465969,0.11467624756427779,48,current
901,776,57691,0.1406630313661541,48,late
902,263,487981,0.047039311122250155,48,current
903,804,84768,0.06650902365926349,60,current
904,274,423829,0.04670962135129314,12,current
905,3,19026,0.10344102359513463,36,late
906,28,451751,0.0667561196265045,24,current
907,326,230162,0.06913294230150882,48,current
908,940,298052,0.038509915138557504,36,current
909,149,450329,0.07197552741691103,48,current
910,540,24610,0.13349958088819025,48,current
911,488,182718,0.05796873742690019,24,late
912,822,330329,0.11342249594520787,60,current
913,438,339711,0.10555540139263112,12,current
914,65,183646,0.13361815300429383,60,current
915,356,227123,0.045874553718124586,36,current
916,533,303326,0.14731079524140517,60,current
917,252,383280,0.09991543752484386,36,current
918,235,398786,0.14945689828161773,36,current
919,227,496006,0.1393817671039021,12,current
920,525,24288,0.05658207265357269,24,current
921,313,345968,0.03673944118839757,12,current
922,49,428093,0.06067669125544338,60,current
923,118,89425,0.09330763787993038,36,current
924,54,5917,0.05059156404782279,48,default
925,650,342746,0.050095169342158616,48,current
926,565,493256,0.08551122565261837,36,current
927,44,331719,0.03399215654032301,12,current
928,815,339662,0.044626569903872454,24,current
929,53,258187,0.07990336072895371,12,default
930,586,44104,0.037575589104955974,36,current
931,558,154134,0.07761060677466353,36,current
932,525,284143,0.0868807519138134,24,current
933,677,267091,0.08415199368877373,60,current
934,102,460061,0.13430098288837047,60,late
935,792,408157,0.09360749460620789,24,current
936,770,66169,0.0861576554973652,60,current
937,982,159542,0.07928510944699994,48,current
938,849,134744,0.12811480539653836,60,current
939,868,377828,0.13740679247997997,60,late
940,398,64821,0.13238909630365409,60,current
941,138,222741,0.11082558937576689,48,current
942,675,254265,0.04648340951624091,60,current
943,921,442651,0.06322439633904148,48,current
944,387,402745,0.03552756764183729,24,current
945,111,219127,0.1416988889988137,12,current
946,614,279336,0.10929582356290923,24,current
947,17,341246,0.11956354611758897,12,current
948,780,208834,0.06738860874986746,24,current
949,182,239538,0.13147842267328108,12,default
950,884,382038,0.06115239404501742,12,current
951,536,91795,0.03019725085349396,36,current
952,541,170159,0.07516979550248327,12,current
953,171,333821,0.09849137771508881,12,current
954,409,140699,0.0874445829558627,36,current
955,740,454757,0.13344913710919165,60,late
956,378,248877,0.04264863431474003,60,current
957,188,204298,0.09645881287604706,36,current
958,858,401471,0.09155752197850889,48,current
959,230,193505,0.06376715786065956,12,current
960,833,141285,0.12866737350924126,12,current
961,852,107412,0.12034183870586475,36,current
962,119,24404,0.1179431024798197,36,current
963,156,121545,0.1351430973923467,48,current
964,784,423596,0.11673415207458254,60,current
965,687,227128,0.05782095500576717,24,current
966,465,155245,0.11466752539796293,60,current
967,104,189099,0.06692433760678126,12,current
968,604,291133,0.05906095804169646,36,current
969,698,266657,0.03876043114795528,48,current
970,972,375250,0.1192834296417212,60,current
971,795,291663,0.11532011543397734,48,current
972,502,261875,0.05813993732089125,60,current
973,693,289583,0.11992548200689872,12,current
974,682,385714,0.14014090597122636,24,current
975,699,475165,0.04296347489898951,48,current
976,175,19995,0.05791639660641299,48,current
977,734,28559,0.12003129529047786,24,late
978,745,356193,0.06294080082084938,48,current
979,674,403237,0.10495967691404601,48,current
980,421,103000,0.03973970693564574,60,current
981,134,157191,0.08426429749242464,60,current
982,391,449755,0.11869097063915436,24,current
983,992,493051,0.1123816731651903,12,current
984,736,306494,0.12780865208109682,48,current
985,501,444439,0.13529425519238025,12,current
986,665,30517,0.12278202015105098,24,current
987,33,476869,0.11059052915267112,24,current
988,55,420466,0.033806699017923734,60,current
989,954,220558,0.09419600080913328,48,current
990,519,481111,0.03452372698978233,36,current
991,756,356276,0.1269681380539227,24,current
992,825,489282,0.06848694293519492,48,current
993,638,465014,0.09749152489415051,12,current
994,12,452415,0.06353343687826832,60,current
995,528,326690,0.12390001732563523,12,current
996,720,110686,0.13638030319702832,24,late
997,555,93151,0.07783709930556768,24,default
998,373,270471,0.1335506872213187,12,current
999,484,125318,0.062049000894759884,24,current
1000,973,427984,0.09415931076906285,48,current
1001,647,200490,0.13305137158064445,24,current
1002,228,492602,0.06910576111389485,60,current
1003,623,178860,0.14448507180937029,48,current
1004,307,120945,0.04462554021376603,36,late
1005,457,218456,0.03219300836682075,24,current
1006,160,313974,0.13849624230938287,24,current
1007,331,57446,0.03823783993774467,60,current
1008,776,413376,0.149026703513699,60,late
1009,225,192655,0.14416762343749273,12,current
1010,983,432214,0.04644250920435848,12,current
1011,729,425446,0.0945101550831079,12,current
1012,504,145148,0.052190435696057316,60,late
1013,456,74341,0.08137862076361438,12,current
1014,45,36085,0.03737101551117992,12,late
1015,214,322715,0.05687095053559074,36,current
1016,59,412931,0.07359273556786794,12,current
1017,644,395452,0.08263770002952658,24,current
1018,616,10750,0.1472995509850672,60,current
1019,195,381075,0.12694387748207775,48,current
1020,925,345912,0.11848919331743353,36,late
1021,489,40903,0.09444495776903691,60,current
1022,157,208561,0.1307997312725212,60,current
1023,610,430309,0.07071874027868533,24,current
1024,226,96036,0.11506789353279792,12,current
1025,412,92954,0.14925407704538063,24,current
1026,205,432530,0.06775546907222385,12,current
1027,79,446441,0.11088210418607608,12,current
1028,124,486201,0.1313177836982859,60,current
1029,471,350158,0.13989691000208065,12,default
1030,940,433395,0.11615192291281222,36,current
1031,218,122305,0.06403295081005635,36,late
1032,516,423554,0.06915385818827358,36,current
1033,602,490651,0.0324909638548757,60,current
1034,104,205753,0.12130631732058116,24,current
1035,393,37101,0.03512875272743416,48,current
1036,631,7775,0.13375828255232947,12,late
1037,645,116497,0.044239273736944654,48,current
1038,824,495399,0.05062518145631091,24,current
1039,608,50619,0.08718317649986848,24,late
1040,980,444054,0.11854564982024908,60,current
1041,434,257388,0.04668026462388932,36,current
1042,331,417755,0.0828085290079798,36,current
1043,143,238346,0.08794215292921256,24,late
1044,800,324268,0.05547427700023096,60,current
1045,540,70149,0.04386700520167581,60,current
1046,278,31616,0.13037051075827674,12,current
1047,233,477871,0.09029587797153185,36,late
1048,529,226767,0.03172574831809836,24,current
1049,571,190639,0.12635775615709244,48,current
1050,90,173171,0.14769525664975017,36,current
1051,492,211903,0.10271114344970968,12,late
1052,199,236318,0.09044500645008849,60,late
1053,362,328943,0.1354099035653954,24,default
1054,441,357365,0.14430201476215182,36,current
1055,26,382023,0.12054442990829525,48,current
1056,25,292623,0.08345435156811454,12,current
1057,394,444388,0.10106656791977285,12,late
1058,507,366309,0.11411224380215991,36,current
1059,301,60863,0.05331282852021617,48,current
1060,339,178115,0.08366412386597255,12,current
1061,267,349713,0.1295785517660742,24,current
1062,461,413624,0.10856704181981315,12,current
1063,693,258347,0.07934448806542249,48,current
1064,456,194052,0.10960350408176175,60,current
1065,360,481172,0.04418668944869518,60,current
1066,68,283495,0.07817971326778515,36,current
1067,863,140203,0.12517542455556677,48,current
1068,412,252908,0.05646105445639776,12,current
1069,971,311969,0.05231538090689012,12,current
1070,491,278493,0.14409823918997178,60,current
1071,833,197003,0.05518771555034768,60,current
1072,49,311398,0.061310229558020166,24,current
1073,687,305369,0.14635391266852055,60,current
1074,564,279597,0.11816502843180307,24,current
1075,102,154886,0.11395158396282339,12,current
1076,216,154335,0.13235116606254976,24,late
1077,438,82694,0.04389876986841531,24,current
1078,700,20735,0.11471474838960086,36,current
1079,569,414046,0.09044263311938866,60,current
1080,559,315037,0.12949807683409678,24,current
1081,159,180745,0.09097700623982331,12,current
1082,489,394150,0.10442896251226945,48,current
1083,686,225534,0.08732905516794431,24,current
1084,242,50066,0.0873790708267013,60,current
1085,794,236387,0.12215639736741978,36,default
1086,753,139445,0.10542796807767398,12,current
1087,882,408551,0.10599158419312925,36,current
1088,5,421957,0.08403389805978309,48,current
1089,596,277836,0.0937331395605033,24,current
1090,820,445511,0.11948611994457448,24,late
1091,361,50541,0.1291129102934302,60,current
1092,459,170129,0.11358736825728553,24,late
1093,248,71983,0.14088875866148198,12,current
1094,566,155655,0.1284388905776641,48,current
1095,673,158837,0.09742365477714221,36,current
1096,946,195359,0.11056872871724842,48,current
1097,422,422122,0.1411569932305435,24,current
1098,923,387891,0.104300165309167,36,current
1099,738,352247,0.12897683375757968,60,current
1100,15,215747,0.11265726043079845,48,current
1101,736,182597,0.09623236332725597,36,late
1102,573,174302,0.05902058344984237,36,current
1103,122,417736,0.08111970233621138,36,current
1104,277,483454,0.14612913898004587,12,current
1105,558,450150,0.108931845992712,48,current
1106,453,292710,0.09772744564067876,36,current
1107,390,340337,0.14195479506338726,48,late
1108,294,428350,0.10038141372449384,36,late
1109,574,408561,0.09312990221008835,60,current
1110,598,257084,0.12111730261802463,60,late
1111,446,126015,0.11551987427838534,60,current
1112,210,177257,0.053179201009011925,24,current
1113,590,251536,0.08655699294889455,36,current
1114,714,229021,0.08670185313835022,24,current
1115,302,135956,0.07538694182920137,48,current
1116,909,75744,0.09207521785827037,24,current
1117,223,300599,0.0795728877272573,48,current
1118,734,426234,0.05392145873654197,48,current
1119,3,321363,0.07948397847296172,48,current
1120,990,313135,0.03867323370878119,24,late
1121,518,78616,0.09909430353292939,36,current
1122,93,92438,0.1324385458729334,24,current
1123,520,121841,0.11703445012254662,36,current
1124,428,145558,0.07324728480649334,36,current
1125,493,174934,0.040448544669276984,48,current
1126,235,257734,0.05425792790703249,24,current
1127,620,63870,0.09545884085938028,36,current
1128,161,91694,0.05484685000596394,60,current
1129,721,242068,0.0952767733541961,36,current
1130,752,311000,0.057791882971667874,60,current
1131,331,106407,0.13187086433712875,24,current
1132,333,498960,0.07767257674085516,24,current
1133,50,484271,0.05946607511333893,24,late
1134,523,36379,0.1274791416296474,36,current
1135,863,331873,0.07114067577665409,12,late
1136,668,426594,0.04337852254065383,36,current
1137,492,241500,0.09844913896843699,36,default
1138,582,59353,0.09978770453255864,48,current
1139,681,186068,0.1157634810282881,48,current
1140,272,281175,0.05882633198500627,36,default
1141,580,216144,0.0832525606910694,60,current
1142,867,70982,0.06388415028511875,48,current
1143,252,41683,0.039714448333882574,36,current
1144,560,119091,0.135193659241907,12,current
1145,696,122797,0.11746437653860094,60,late
1146,832,415834,0.06617556713505608,24,current
1147,699,11587,0.10192475914463835,36,current
1148,90,329934,0.05415165457613669,36,current
1149,446,298624,0.1368283946154925,60,current
1150,332,234602,0.043788761203429234,48,current
1151,139,156599,0.030460457460936105,48,current
1152,357,290713,0.09024098372870185,48,current
1153,601,278295,0.09997533881434431,24,current
1154,274,469310,0.09947583843549652,60,late
1155,19,195246,0.03654143129253915,60,current
1156,983,49739,0.0676852568302119,48,current
1157,311,37954,0.0899038736209598,48,current
1158,870,248935,0.0559895022752689,12,current
1159,886,114373,0.13471510625830757,12,current
1160,978,433519,0.04045311473537208,36,default
1161,154,39700,0.08848613300064515,36,current
1162,390,491252,0.11296992690157824,60,late
1163,260,128728,0.06141013201613789,60,current
1164,620,465784,0.10490888843970217,24,current
1165,883,333932,0.12952621801708494,24,current
1166,797,76045,0.0528404370114057,12,current
1167,571,436058,0.14006647101898353,36,current
1168,125,149972,0.09642702391948296,12,late
1169,354,395136,0.06590784051612728,12,current
1170,273,347203,0.08170299304587247,36,late
1171,619,6881,0.06746302605436655,24,current
1172,811,431253,0.11701333919199793,36,current
1173,245,399846,0.12555607960981585,48,current
1174,848,287933,0.1299524870782393,48,current
1175,450,393227,0.14829218995028892,48,default
1176,930,93059,0.12495411509960203,60,current
1177,247,219566,0.1021660884826276,24,current
1178,520,313295,0.07070643580701405,24,current
1179,141,447136,0.09535145384528992,60,current
1180,362,114388,0.03492818073484865,12,current
1181,8,203303,0.11937900906358956,48,current
1182,478,478573,0.08351466541105221,48,current
1183,352,270406,0.032402787567862516,12,current
1184,996,334125,0.037500832981249295,36,current
1185,495,388095,0.0764959756586108,36,current
1186,606,390243,0.10001058228221221,24,current
1187,833,86972,0.0857044738742552,60,current
1188,427,342629,0.10430451807505858,24,current
1189,39,59722,0.0876353110549627,36,current
1190,593,356643,0.1094044614577616,12,current
1191,187,186890,0.0562951277604961,24,current
1192,596,428148,0.04354118246203457,48,current
1193,600,274045,0.10157207455507919,48,current
1194,754,122473,0.08816274203235688,12,current
1195,854,497239,0.03322411848539224,36,late
1196,93,275741,0.0756578262591643,48,current
1197,86,396775,0.042735070258919455,48,current
1198,44,331053,0.09376281981032342,60,current
1199,137,339535,0.07749332155925169,24,current
1200,421,220286,0.10357822933236215,36,current
1201,74,406479,0.1266722662524286,24,current
1202,548,330437,0.06596024206097889,36,current
1203,613,248896,0.14545225249980331,48,current
1204,988,161877,0.09427614007050893,60,current
1205,512,489895,0.10419489585057455,24,current
1206,156,16874,0.11168068478708844,48,current
1207,938,229137,0.11000778358291077,36,current
1208,255,353546,0.09131648916540744,24,current
1209,171,281223,0.08145171493376202,24,current
1210,981,448066,0.036453835701285346,48,late
1211,728,339923,0.03265030143614157,24,current
1212,170,100408,0.07295534334393175,60,current
1213,764,407234,0.07003930687604312,60,current
1214,872,125606,0.0765234185806808,48,late
1215,322,447716,0.046604184106582805,36,current
1216,567,125062,0.11858019246442124,48,current
1217,456,17100,0.13283572977314867,60,current
1218,944,324165,0.14264575624488418,12,current
1219,603,155872,0.08908347642235509,12,default
1220,790,395270,0.11410388389505143,24,current
1221,613,199472,0.1326661348123047,24,current
1222,155,359590,0.0801949333312183,12,late
1223,889,296581,0.06712953538445332,60,current
1224,349,239196,0.14240694670241882,24,current
1225,451,212609,0.09188118612924877,48,current
1226,876,444891,0.08967046639090535,48,current
1227,653,156014,0.05140993158761949,60,current
1228,173,288006,0.04297860174880281,24,current
1229,10,278813,0.1310528234980214,48,current
1230,740,388363,0.10369598114250217,24,current
1231,265,189844,0.06909895008233384,24,late
1232,438,283060,0.05300834608683197,48,current
1233,760,278022,0.09665967362035577,12,late
1234,247,270129,0.10007031471133623,48,current
1235,667,496121,0.054839232149406975,60,current
1236,546,209720,0.13216868974697688,36,late
1237,499,46235,0.04011172393870213,48,current
1238,129,286075,0.07273117021997061,24,current
1239,672,97876,0.11164612965150265,24,current
1240,601,5336,0.06289444365830407,48,current
1241,605,310077,0.12932102337375262,36,current
1242,327,483115,0.11878413919204842,48,default
1243,753,312680,0.1246827413457761,36,current
1244,835,74504,0.04429278430520595,36,current
1245,980,104214,0.046865655359465144,60,current
1246,404,187220,0.06437684852935002,24,current
1247,629,118936,0.09216925982370733,24,current
1248,606,21279,0.11976192920392828,36,current
1249,675,204737,0.1303837068913084,24,current
1250,611,108751,0.11452023791486166,12,current
1251,625,371577,0.1414316257836766,36,late
1252,359,76386,0.11864922115391163,24,current
1253,603,91124,0.06675214644055377,12,current
1254,858,372894,0.06180975412062871,60,current
1255,718,344629,0.11354309403613078,24,current
1256,17,341199,0.053144468242753706,12,current
1257,274,96911,0.04112577729723239,48,default
1258,685,365762,0.09386674498274326,48,current
1259,116,475489,0.12859698837347464,12,late
1260,861,202742,0.042165581096383624,36,current
1261,980,474690,0.1250269588554875,36,default
1262,693,452244,0.12738864052218576,24,current
1263,91,226094,0.08787288000978521,48,late
1264,82,381036,0.03687723720125841,36,current
1265,324,489848,0.050950782149662366,36,current
1266,961,242723,0.11489115301943188,48,late
1267,114,338272,0.11541335339891394,60,current
1268,769,416324,0.13780263302011983,36,current
1269,58,319639,0.09992233758654993,12,current
1270,154,87806,0.04489288412565329,24,late
1271,877,360329,0.04456978866059665,36,current
1272,404,212605,0.11653588288281884,36,current
1273,628,235097,0.052054159812948135,60,current
1274,855,455046,0.06940625995399263,12,current
1275,266,472856,0.08846544083062967,24,late
1276,315,450725,0.03297178530913814,36,current
1277,715,202478,0.05985828324239182,24,current
1278,41,492436,0.0789467530208736,48,late
1279,105,175591,0.06355635821918475,36,current
1280,901,316793,0.046364439296107895,36,current
1281,890,170596,0.11736147093554368,48,current
1282,193,494709,0.12757771862015818,60,current
1283,401,169957,0.06089747713724698,36,current
1284,278,442585,0.1229303393527564,24,current
1285,354,237204,0.07626642772815766,12,current
1286,749,362546,0.09080229490248033,24,current
1287,937,297820,0.13272012898717833,60,current
1288,733,331237,0.11999444181628893,12,current
1289,580,445980,0.12661402215794132,24,current
1290,709,186871,0.04642141999036281,24,current
1291,256,346558,0.038366331100047536,48,current
1292,651,360239,0.13720856749055843,60,current
1293,824,248154,0.07654011234853132,48,current
1294,947,77307,0.0645455613683617,12,current
1295,661,480278,0.11696355051141893,48,current
1296,99,362576,0.1303698715895828,60,current
1297,588,299067,0.1334987546277961,36,current
1298,282,384593,0.06791965693502727,36,current
1299,883,499955,0.13226548694420087,12,late
1300,403,240998,0.034912073324921446,36,late
1301,109,476604,0.03595937897516627,48,current
1302,700,314718,0.10482230342089853,12,current
1303,199,441607,0.037572764293865545,60,current
1304,303,126757,0.06895310022121938,12,current
1305,327,58664,0.11073071834963087,12,current
1306,154,334528,0.07047202752650716,24,current
1307,552,298171,0.05155197377281151,24,current
1308,645,171536,0.063762074622461,12,current
1309,405,301629,0.08490903987005181,36,current
1310,462,264438,0.08704630264265789,24,current
1311,132,155528,0.12396002776166423,60,current
1312,791,473011,0.1200183875317815,48,current
1313,874,302698,0.08481813654673623,24,current
1314,84,314066,0.13148008189185256,12,current
1315,399,280553,0.0437084566309675,36,current
1316,754,205399,0.06064240202746818,48,current
1317,628,227472,0.12935717562027016,24,current
1318,109,303783,0.07535928463513837,36,current
1319,221,236182,0.14774178705526106,36,late
1320,904,461843,0.08595039378334024,36,late
1321,553,481640,0.12503227475565168,12,current
1322,368,286836,0.07827684496588463,60,current
1323,147,94037,0.08099442228749165,36,current
1324,112,214912,0.07594597767410202,48,late
1325,615,190272,0.11628907446129741,24,current
1326,558,229135,0.09570214608719933,48,late
1327,924,193487,0.1432533733642043,12,current
1328,494,23074,0.06010683798409257,12,current
1329,505,151621,0.04206752785001332,48,late
1330,475,297107,0.07719137821190583,60,current
1331,836,489672,0.10400552491761311,12,current
1332,890,232434,0.1332958724298594,12,current
1333,271,237679,0.07154362640163932,48,current
1334,995,57265,0.10845441013493538,12,current
1335,421,21061,0.07202384172278628,60,current
1336,897,456442,0.10406634995933498,60,current
1337,707,164882,0.1361769536436781,60,current
1338,367,458222,0.057762917071129086,24,late
1339,280,118502,0.0785089970528447,60,current
1340,283,289944,0.14919182357156957,60,current
1341,40,383336,0.1342268433899353,24,current
1342,959,261505,0.09775678294754424,36,current
1343,189,112228,0.09199531102251304,12,current
1344,164,211548,0.06415204587656172,60,default
1345,994,467676,0.09206513132322353,12,current
1346,989,455983,0.13178177979359365,48,current
1347,536,295198,0.11222094159333366,12,current
1348,536,473535,0.06480528338135838,24,current
1349,4,181469,0.054175670526423955,12,late
1350,835,18233,0.06182502443961949,12,current
1351,290,247277,0.05037110416713918,12,current
1352,953,488236,0.04147688352284591,36,current
1353,433,161140,0.08029634093304659,36,current
1354,471,332871,0.04359595252779212,48,current
1355,181,357754,0.050629506927252516,24,current
1356,248,337597,0.09567896212073833,12,current
1357,628,109135,0.04975191284394896,12,current
1358,279,424048,0.037665572091708344,12,current
1359,877,375608,0.06808666200334622,12,late
1360,581,222314,0.0564382918346361,36,late
1361,863,18682,0.0918366225593252,48,current
1362,254,490514,0.04228405014998512,60,current
1363,181,159455,0.12021249452195737,24,current
1364,830,325304,0.13874802233221661,12,current
1365,681,229404,0.11921222087474333,48,current
1366,825,290810,0.0939392444881673,60,current
1367,509,325961,0.1332801386146662,48,late
1368,761,96198,0.11339020557378089,36,late
1369,700,432858,0.031266134694022785,60,current
1370,566,46830,0.07729081833294037,48,current
1371,326,15234,0.132114227928816,36,current
1372,357,62616,0.0715030629570323,48,current
1373,825,276365,0.034225820823062816,48,current
1374,650,147482,0.11954155662627268,60,current
1375,680,216127,0.1262445924339442,36,late
1376,391,197485,0.04927124340519702,12,current
1377,615,6051,0.09448085962118175,24,current
1378,934,377673,0.05303465267948709,60,current
1379,85,473517,0.1163081302852976,36,current
1380,317,81918,0.06258605462129828,48,current
1381,212,83116,0.06794581470759961,36,late
1382,515,389370,0.13139650243681217,24,current
1383,384,454779,0.08715868226482851,24,current
1384,691,233931,0.11037053414618973,12,current
1385,342,311901,0.07828476608669611,12,current
1386,815,388152,0.06576082286325065,24,late
1387,964,213547,0.10505736725095936,60,current
1388,988,449473,0.048582908889458556,60,late
1389,844,231572,0.07475998026802355,48,current
1390,38,136379,0.05508444448631067,12,current
1391,511,61889,0.11349539603288945,48,current
1392,420,467111,0.14330506060153292,12,current
1393,751,231256,0.14946131616190395,24,current
1394,169,303088,0.08403321725299089,60,current
1395,965,366699,0.060303646756373334,60,current
1396,909,43134,0.08313952444611888,24,current
1397,343,425539,0.13167232919552685,48,current
1398,826,207834,0.05472068142624478,48,current
1399,306,485441,0.14425147819835085,36,current
1400,542,232579,0.07102389225577813,12,current
1401,702,30954,0.1482964391340366,48,current
1402,869,191093,0.13063306650407547,24,current
1403,537,357103,0.12702846409768684,48,current
1404,112,231999,0.06814856085279403,60,current
1405,411,215938,0.031053265433751535,12,current
1406,947,206499,0.07585594905911854,36,current
1407,206,272136,0.06621712435952323,12,default
1408,185,6961,0.034487638849055674,60,current
1409,382,17497,0.09064383078071156,60,current
1410,496,430767,0.07836375735392839,60,current
1411,379,474600,0.10614677612898296,60,current
1412,47,261446,0.10454235866328998,24,late
1413,886,453971,0.04448959630760161,36,current
1414,740,280399,0.1472358655351947,60,late
1415,551,140639,0.052431771532973626,60,late
1416,528,315991,0.08343288297176454,48,current
1417,504,240889,0.08857410521204818,36,current
1418,22,184075,0.1275675356656944,12,current
1419,213,25389,0.04190755153135761,36,current
1420,310,180595,0.08143731350502381,36,current
1421,661,390946,0.10542026042834447,36,current
1422,968,328720,0.055818674594886666,60,current
1423,753,311063,0.10529614785192873,60,current
1424,272,218175,0.1408397805059583,24,current
1425,571,8358,0.14970217574072098,12,late
1426,799,355679,0.03389412921488109,48,current
1427,938,257557,0.0582705873893613,36,late
1428,202,212596,0.0672368538950037,12,current
1429,32,259488,0.07789513205339593,12,current
1430,443,110982,0.05907085891017209,24,current
1431,162,233129,0.0544185593466375,48,current
1432,767,272842,0.1445464610901,36,current
1433,254,333953,0.14022259233246215,48,current
1434,521,98079,0.03563910012037409,24,late
1435,977,60805,0.07065756259258177,60,current
1436,651,167421,0.0786178264414088,12,current
1437,480,212849,0.0586817441599132,36,late
1438,10,448464,0.10546474763858106,60,current
1439,726,342177,0.10684568959730892,24,current
1440,505,243483,0.13206050739943165,48,current
1441,785,365383,0.11890431220622613,12,late
1442,836,397551,0.09510879923591467,36,current
1443,560,49041,0.10843041240533038,60,current
1444,436,299098,0.06287865378516216,60,current
1445,111,275146,0.10116674279608291,12,late
1446,153,336927,0.08870727056999031,48,current
1447,635,112524,0.046001336077964444,24,default
1448,917,223306,0.05910531318995649,48,current
1449,869,392001,0.06500321408659032,48,current
1450,102,24738,0.14091714804630695,48,current
1451,753,277847,0.057646396726306726,12,current
1452,833,118776,0.06470926833836019,12,late
1453,191,185494,0.07432249561073187,24,current
1454,729,481322,0.10964912863504644,48,current
1455,563,197971,0.04418860709665686,12,current
1456,804,410608,0.14447342549925313,24,current
1457,81,311868,0.13386854641137175,24,current
1458,489,299443,0.09926592876107401,48,current
1459,895,282785,0.11088454409099481,36,current
1460,88,346678,0.03199925654930592,48,current
1461,194,273449,0.07067337304181384,36,current
1462,104,234334,0.12547922767937303,24,current
1463,783,285926,0.0392979568550863,12,current
1464,96,345401,0.06387766010528642,60,current
1465,423,241371,0.10023561940011735,24,current
1466,891,82963,0.06076956332387301,12,late
1467,198,126987,0.1420773568973423,24,current
1468,1,156638,0.045727035696514845,48,late
1469,407,129591,0.12568732294893342,36,late
1470,378,72766,0.090953843028769,24,current
1471,167,11511,0.12003969309839471,12,current
1472,509,119816,0.06728583939737369,48,late
1473,638,254432,0.09173875227744466,60,current
1474,313,424393,0.13282024196678116,48,current
1475,593,271909,0.08602537189477252,36,current
1476,418,156426,0.07316638342923235,48,current
1477,763,291073,0.09433864635032832,60,current
1478,681,164892,0.11608353036436402,12,current
1479,477,116576,0.08322760145982033,24,current
1480,73,427739,0.14266523701707273,36,current
1481,141,76088,0.06539349888508104,60,current
1482,582,464379,0.08705563274029444,36,current
1483,262,82525,0.12083131912097297,48,current
1484,340,18780,0.11269453085949098,36,late
1485,308,273733,0.13363692629005874,60,current
1486,245,433028,0.14961710168173306,24,current
1487,515,360808,0.08122299945541074,24,current
1488,337,444155,0.04333810557399742,36,current
1489,575,449709,0.03364990569695615,12,current
1490,561,109188,0.11722522873677259,36,late
1491,76,98326,0.13488164055704588,48,current
1492,880,308097,0.05648551031333024,24,default
1493,175,70785,0.04901376446278871,24,current
1494,109,24309,0.037464610983082916,24,current
1495,183,59195,0.12872435060606474,12,current
1496,192,30901,0.06736583278711011,12,late
1497,65,159648,0.07820362713117318,60,current
1498,849,429724,0.09033002299315347,36,current
1499,963,472927,0.1307343881051461,36,late
1500,474,30464,0.10809998658737818,48,current
